## 前言

有些时候单词拼写错误，那么我们就需要修改列名，那么怎么能修改列名呢？

## 语法

> alter table 要修改的表格名字 change 被修改的列名 新的列名 列类型

## 示例

在此示例中，我们将表“student_info”的列“id”的名称更改为“studentid”，如下所示：

```txt
mysql> Select * from Student_info;
+------+---------+------------+------------+
| id   | Name    | Address    | Subject    |
+------+---------+------------+------------+
|  101 | YashPal | Amritsar   | History    |
|  105 | Gaurav  | Chandigarh | Literature |
|  130 | Ram     | Jhansi     | Computers  |
|  132 | Shyam   | Chandigarh | Economics  |
|  133 | Mohan   | Delhi      | Computers  |
+------+---------+------------+------------+
5 rows in set (0.02 sec)

mysql> ALTER TABLE Student_info CHANGE id studentid int;
Records: 0 Duplicates: 0 Warnings: 0

mysql> Select * from Student_info;
+-----------+---------+------------+------------+
| studentid | Name    | Address    | Subject    |
+-----------+---------+------------+------------+
|       101 | YashPal | Amritsar   | History    |
|       105 | Gaurav  | Chandigarh | Literature |
|       130 | Ram     | Jhansi     | Computers  |
|       132 | Shyam   | Chandigarh | Economics  |
|       133 | Mohan   | Delhi      | Computers  |
+-----------+---------+------------+------------+
5 rows in set (0.00 sec)
```

可以看到已经做出了修改
